1,UO_MX_FILL : Mx Filtration to FLz Unit Operation Commenced
2,UO_MX_FILL : Connect Pre Filter to to Flow Plate FPx1.
3,UO_MX_FILL : Incorrect Hygiene Status
4,UO_MX_FILL : Start filtration.
5,UO_MX_FILL : Enable HEX Temperature control
6,UO_MX_FILL : Open filter outlet valve.
7,UO_MX_FILL : Enable HPCA pressure control.
8,UO_MX_FILL : Enable HPCA pressure control for new set point.
9,UO_MX_FILL : Filtration completed.
10,UO_MX_FILL : Disable HPCA control
11,UO_MX_FILL : Filling Unit Operation Completed
